M (kg) Set,m (kg) Set
0.16915,0.06587000000000
0.16911,0.06595000000000
0.16900,0.06595000000000
0.16920,0.06594000000000
